Model,Accuracy,Precision,Sensitivity,Specificity,F1-Score,AUC-ROC
Logistic Regression,0.8524974857525981,0.45478723404255317,0.9193548387096774,0.8429720413634623,0.608540925266904,0.9363631122257776
Random Forest,0.9192088501508549,0.623352165725047,0.8897849462365591,0.9234009957870548,0.7331118493909191,0.9741282745044746
XGBoost,0.9715051961112974,0.847457627118644,0.9408602150537635,0.9758713136729222,0.89171974522293,0.9948388332242004
Neural Network,0.9758632249413343,0.8731343283582089,0.9435483870967742,0.980467253925699,0.9069767441860465,0.9962699167706519
