,Accuracy Mean,Accuracy Std,AUC-ROC Mean,AUC-ROC Std
Logistic Regression,0.8499714475895089,0.008508598074186031,0.9345570002792047,0.005224320636715613
Random Forest,0.9339139158733193,0.005817404132646938,0.9762859723836363,0.0029956717185043473
XGBoost,0.9771666954972671,0.0030258243536132354,0.9956865440002156,0.0009466919627746162
